Engine Load [%];Chemical [L/h];Electricity Factor;maintenance period [opr. H]
10;2;1.1;10000
20;4;1.3;10100
30;6;1.6;10200
40;8;1.833333333;10300
50;10;2.083333333;10400
60;12;2.333333333;10500
70;14;2.583333333;10600
80;16;2.833333333;10700
90;18;3.083333333;10800
100;20;3.333333333;10900